<?xml version="1.0" encoding="utf-8"?>
<resources>
    <color name="colorPrimary">#3F51B5</color>
    <color name="colorPrimaryDark">#303F9F</color>
    <color name="colorAccent">#FF4081</color>


    <color name="color_blue">#FF11AE05</color>
    <color name="color_reduce">#FFA90E18</color>
    <color name="color_reduce_press">#FF840E15</color>


    <color name="color_1">#F80400</color>
    <color name="color_2">#566500</color>
    <color name="color_3">#228400</color>
    <color name="color_4">#2AC36A</color>
    <color name="color_5">#44DDAB</color>
    <color name="color_6">#66FFFF</color>

</resources>
